,y
2017-03-06,34.83499908
2017-03-07,34.88000107
2017-03-08,34.75
2017-03-09,34.66999817
2017-03-10,34.78499985
2017-03-13,34.79999924
2017-03-14,34.74750137
2017-03-15,35.11500168
2017-03-16,35.17250061
2017-03-17,34.99750137
2017-03-20,35.36500168
2017-03-21,34.95999908
2017-03-22,35.35499954
2017-03-23,35.22999954
2017-03-24,35.15999985
2017-03-27,35.22000122
2017-03-28,35.95000076
2017-03-29,36.02999878
2017-03-30,35.98249817
2017-03-31,35.91500092
2017-04-03,35.92499924
2017-04-04,36.19250107
2017-04-05,36.00500107
2017-04-06,35.91500092
2017-04-07,35.83499908
2017-04-10,35.79249954
2017-04-11,35.40750122
2017-04-12,35.45000076
2017-04-13,35.26250076
2017-04-17,35.45750046
2017-04-18,35.29999924
2017-04-19,35.16999817
2017-04-20,35.61000061
2017-04-21,35.56750107
2017-04-24,35.90999985
2017-04-25,36.13249969
2017-04-26,35.91999817
2017-04-27,35.94749832
2017-04-28,35.91249847
2017-05-01,36.64500046
2017-05-02,36.87749863
2017-05-03,36.76499939
2017-05-04,36.63249969
2017-05-05,37.24000168
2017-05-08,38.25249863
2017-05-09,38.49750137
2017-05-10,38.31499863
2017-05-11,38.48749924
2017-05-12,39.02500153
2017-05-15,38.92499924
2017-05-16,38.86750031
2017-05-17,37.5625
2017-05-18,38.13499832
2017-05-19,38.26499939
2017-05-22,38.49750137
2017-05-23,38.45000076
2017-05-24,38.33499908
2017-05-25,38.46749878
2017-05-26,38.40250015
2017-05-30,38.41749954
2017-05-31,38.18999863
2017-06-01,38.29499817
2017-06-02,38.86249924
2017-06-05,38.48249817
2017-06-06,38.61249924
2017-06-07,38.84249878
2017-06-08,38.74750137
2017-06-09,37.24499893
2017-06-12,36.35499954
2017-06-13,36.64749908
2017-06-14,36.29000092
2017-06-15,36.07249832
2017-06-16,35.56750107
2017-06-19,36.58499908
2017-06-20,36.25249863
2017-06-21,36.46749878
2017-06-22,36.40750122
2017-06-23,36.56999969
2017-06-26,36.45500183
2017-06-27,35.93249893
2017-06-28,36.45750046
2017-06-29,35.91999817
2017-06-30,36.00500107
2017-07-03,35.875
2017-07-05,36.02249908
2017-07-06,35.68249893
2017-07-07,36.04499817
2017-07-10,36.26499939
2017-07-11,36.38249969
2017-07-12,36.43500137
2017-07-13,36.94250107
2017-07-14,37.25999832
2017-07-17,37.38999939
2017-07-18,37.52000046
2017-07-19,37.75500107
2017-07-20,37.58499908
2017-07-21,37.56750107
2017-07-24,38.02249908
2017-07-25,38.18500137
2017-07-26,38.36500168
2017-07-27,37.63999939
2017-07-28,37.375
2017-07-31,37.18249893
2017-08-01,37.51250076
2017-08-02,39.28499985
2017-08-03,38.89250183
2017-08-04,39.09749985
2017-08-07,39.70249939
2017-08-08,40.02000046
2017-08-09,40.26499939
2017-08-10,38.83000183
2017-08-11,39.36999893
2017-08-14,39.96250153
2017-08-15,40.40000153
2017-08-16,40.23749924
2017-08-17,39.46500015
2017-08-18,39.375
2017-08-21,39.30250168
2017-08-22,39.94499969
2017-08-23,39.99499893
2017-08-24,39.81750107
2017-08-25,39.96500015
2017-08-28,40.36750031
2017-08-29,40.72750092
2017-08-30,40.83750153
2017-08-31,41.0
2017-09-01,41.01250076
2017-09-05,40.52000046
2017-09-06,40.47750092
2017-09-07,40.31499863
2017-09-08,39.65750122
2017-09-11,40.375
2017-09-12,40.21500015
2017-09-13,39.91249847
2017-09-14,39.56999969
2017-09-15,39.97000122
2017-09-18,39.66749954
2017-09-19,39.68249893
2017-09-20,39.01750183
2017-09-21,38.34749985
2017-09-22,37.97249985
2017-09-25,37.63750076
2017-09-26,38.28499985
2017-09-27,38.55749893
2017-09-28,38.31999969
2017-09-29,38.52999878
2017-10-02,38.45249939
2017-10-03,38.61999893
2017-10-04,38.36999893
2017-10-05,38.84749985
2017-10-06,38.82500076
2017-10-09,38.95999908
2017-10-10,38.97499847
2017-10-11,39.13750076
2017-10-12,39.0
2017-10-13,39.24750137
2017-10-16,39.97000122
2017-10-17,40.11750031
2017-10-18,39.93999863
2017-10-19,38.99499893
2017-10-20,39.0625
2017-10-23,39.04249954
2017-10-24,39.27500153
2017-10-25,39.10250092
2017-10-26,39.35250092
2017-10-27,40.76250076
2017-10-30,41.68000031
2017-10-31,42.25999832
2017-11-01,41.72249985
2017-11-02,42.02750015
2017-11-03,43.125
2017-11-06,43.5625
2017-11-07,43.70249939
2017-11-08,44.06000137
2017-11-09,43.97000122
2017-11-10,43.66749954
2017-11-13,43.49250031
2017-11-14,42.83499908
2017-11-15,42.27000046
2017-11-16,42.77500153
2017-11-17,42.53749847
2017-11-20,42.49499893
2017-11-21,43.28499985
2017-11-22,43.74000168
2017-11-24,43.74250031
2017-11-27,43.52249908
2017-11-28,43.26750183
2017-11-29,42.36999893
2017-11-30,42.96250153
2017-12-01,42.76250076
2017-12-04,42.45000076
2017-12-05,42.40999985
2017-12-06,42.25249863
2017-12-07,42.33000183
2017-12-08,42.34249878
2017-12-11,43.16749954
2017-12-12,42.92499924
2017-12-13,43.06750107
2017-12-14,43.05500031
2017-12-15,43.49250031
2017-12-18,44.10499954
2017-12-19,43.63499832
2017-12-20,43.58750153
2017-12-21,43.75249863
2017-12-22,43.75249863
2017-12-26,42.64250183
2017-12-27,42.65000153
2017-12-28,42.77000046
2017-12-29,42.30749893
2018-01-02,43.06499863
2018-01-03,43.05749893
2018-01-04,43.25749969
2018-01-05,43.75
2018-01-08,43.58750153
2018-01-09,43.58250046
2018-01-10,43.57249832
2018-01-11,43.81999969
2018-01-12,44.27249908
2018-01-16,44.04750061
2018-01-17,44.77500153
2018-01-18,44.81499863
2018-01-19,44.61500168
2018-01-22,44.25
2018-01-23,44.25999832
2018-01-24,43.55500031
2018-01-25,42.77750015
2018-01-26,42.87749863
2018-01-29,41.99000168
2018-01-30,41.74250031
2018-01-31,41.85749817
2018-02-01,41.94499969
2018-02-02,40.125
2018-02-05,39.12250137
2018-02-06,40.75749969
2018-02-07,39.88499832
2018-02-08,38.78749847
2018-02-09,39.10250092
2018-02-12,40.67750168
2018-02-13,41.08499908
2018-02-14,41.84249878
2018-02-15,43.24750137
2018-02-16,43.10749817
2018-02-20,42.96250153
2018-02-21,42.76750183
2018-02-22,43.125
2018-02-23,43.875
2018-02-26,44.74250031
2018-02-27,44.59749985
2018-02-28,44.52999878
2018-03-01,43.75
2018-03-02,44.05250168
2018-03-05,44.20500183
2018-03-06,44.16749954
2018-03-07,43.75749969
2018-03-08,44.23500061
2018-03-09,44.99499893
2018-03-12,45.43000031
2018-03-13,44.99250031
2018-03-14,44.61000061
2018-03-15,44.66249847
2018-03-16,44.50500107
2018-03-19,43.82500076
2018-03-20,43.81000137
2018-03-21,42.81750107
2018-03-22,42.21250153
2018-03-23,41.23500061
2018-03-26,43.19250107
2018-03-27,42.08499908
2018-03-28,41.61999893
2018-03-29,41.94499969
2018-04-02,41.66999817
2018-04-03,42.09749985
2018-04-04,42.90250015
2018-04-05,43.20000076
2018-04-06,42.09500122
2018-04-09,42.51250076
2018-04-10,43.3125
2018-04-11,43.11000061
2018-04-12,43.53499985
2018-04-13,43.68249893
2018-04-16,43.95500183
2018-04-17,44.56000137
2018-04-18,44.45999908
2018-04-19,43.20000076
2018-04-20,41.43000031
2018-04-23,41.31000137
2018-04-24,40.73500061
2018-04-25,40.91249847
2018-04-26,41.05500031
2018-04-27,40.58000183
2018-04-30,41.31499863
2018-05-01,42.27500153
2018-05-02,44.14250183
2018-05-03,44.22249985
2018-05-04,45.95750046
2018-05-07,46.29000092
2018-05-08,46.51250076
2018-05-09,46.84000015
2018-05-10,47.50999832
2018-05-11,47.14749908
2018-05-14,47.03749847
2018-05-15,46.61000061
2018-05-16,47.04499817
2018-05-17,46.74750137
2018-05-18,46.57749939
2018-05-21,46.90750122
2018-05-22,46.79000092
2018-05-23,47.09000015
2018-05-24,47.03749847
2018-05-25,47.14500046
2018-05-29,46.97499847
2018-05-30,46.875
2018-05-31,46.71749878
2018-06-01,47.56000137
2018-06-04,47.95750046
2018-06-05,48.32749939
2018-06-06,48.49499893
2018-06-07,48.36500168
2018-06-08,47.92499924
2018-06-11,47.80749893
2018-06-12,48.06999969
2018-06-13,47.67499924
2018-06-14,47.70000076
2018-06-15,47.20999908
2018-06-18,47.18500137
2018-06-19,46.42250061
2018-06-20,46.625
2018-06-21,46.36500168
2018-06-22,46.22999954
2018-06-25,45.54249954
2018-06-26,46.10749817
2018-06-27,46.04000092
2018-06-28,46.375
2018-06-29,46.27750015
2018-07-02,46.79499817
2018-07-03,45.97999954
2018-07-05,46.34999847
2018-07-06,46.99250031
2018-07-09,47.64500046
2018-07-10,47.58750153
2018-07-11,46.97000122
2018-07-12,47.75749969
2018-07-13,47.83250046
2018-07-16,47.72750092
2018-07-17,47.86249924
2018-07-18,47.59999847
2018-07-19,47.97000122
2018-07-20,47.86000061
2018-07-23,47.90250015
2018-07-24,48.25
2018-07-25,48.70500183
2018-07-26,48.55250168
2018-07-27,47.74499893
2018-07-30,47.47750092
2018-07-31,47.57249832
2018-08-01,50.375
2018-08-02,51.84749985
2018-08-03,51.99750137
2018-08-06,52.26750183
2018-08-07,51.77750015
2018-08-08,51.8125
2018-08-09,52.22000122
2018-08-10,51.88249969
2018-08-13,52.21749878
2018-08-14,52.4375
2018-08-15,52.56000137
2018-08-16,53.33000183
2018-08-17,54.39500046
2018-08-20,53.86500168
2018-08-21,53.75999832
2018-08-22,53.76250076
2018-08-23,53.87250137
2018-08-24,54.04000092
2018-08-27,54.48500061
2018-08-28,54.92499924
2018-08-29,55.74499893
2018-08-30,56.25749969
2018-08-31,56.90750122
2018-09-04,57.09000015
2018-09-05,56.71749878
2018-09-06,55.77500153
2018-09-07,55.32500076
2018-09-10,54.58250046
2018-09-11,55.96250153
2018-09-12,55.26750183
2018-09-13,56.60250092
2018-09-14,55.95999908
2018-09-17,54.47000122
2018-09-18,54.56000137
2018-09-19,54.59249878
2018-09-20,55.00749969
2018-09-21,54.41500092
2018-09-24,55.19749832
2018-09-25,55.54750061
2018-09-26,55.10499954
2018-09-27,56.23749924
2018-09-28,56.43500137
2018-10-01,56.81499863
2018-10-02,57.31999969
2018-10-03,58.01750183
2018-10-04,56.99750137
2018-10-05,56.07249832
2018-10-08,55.94250107
2018-10-09,56.71749878
2018-10-10,54.09000015
2018-10-11,53.61249924
2018-10-12,55.52750015
2018-10-15,54.34000015
2018-10-16,55.53749847
2018-10-17,55.29750061
2018-10-18,54.00500107
2018-10-19,54.82749939
2018-10-22,55.16249847
2018-10-23,55.68249893
2018-10-24,53.77249908
2018-10-25,54.95000076
2018-10-26,54.07500076
2018-10-29,53.06000137
2018-10-30,53.32500076
2018-10-31,54.71500015
2018-11-01,55.55500031
2018-11-02,51.86999893
2018-11-05,50.39749908
2018-11-06,50.94250107
2018-11-07,52.48749924
2018-11-08,52.12250137
2018-11-09,51.11750031
2018-11-12,48.54249954
2018-11-13,48.05749893
2018-11-14,46.70000076
2018-11-15,47.85250092
2018-11-16,48.38249969
2018-11-19,46.46500015
2018-11-20,44.24499893
2018-11-21,44.19499969
2018-11-23,43.07249832
2018-11-26,43.65499878
2018-11-27,43.56000137
2018-11-28,45.23500061
2018-11-29,44.88750076
2018-11-30,44.64500046
2018-12-03,46.20500183
2018-12-04,44.17250061
2018-12-06,43.68000031
2018-12-07,42.12250137
2018-12-10,42.40000153
2018-12-11,42.15750122
2018-12-12,42.27500153
2018-12-13,42.73749924
2018-12-14,41.36999893
2018-12-17,40.98500061
2018-12-18,41.51750183
2018-12-19,40.22249985
2018-12-20,39.20750046
2018-12-21,37.68249893
2018-12-24,36.70750046
2018-12-26,39.29249954
2018-12-27,39.03749847
2018-12-28,39.05749893
2018-12-31,39.43500137
2019-01-02,39.47999954
2019-01-03,35.54750061
2019-01-04,37.06499863
2019-01-07,36.98249817
2019-01-08,37.6875
2019-01-09,38.32749939
2019-01-10,38.45000076
2019-01-11,38.07249832
2019-01-14,37.5
2019-01-15,38.26750183
2019-01-16,38.73500061
2019-01-17,38.96500015
2019-01-18,39.20500183
2019-01-22,38.32500076
2019-01-23,38.47999954
2019-01-24,38.17499924
2019-01-25,39.43999863
2019-01-28,39.07500076
2019-01-29,38.66999817
2019-01-30,41.3125
2019-01-31,41.61000061
2019-02-01,41.63000107
2019-02-04,42.8125
2019-02-05,43.54499817
2019-02-06,43.56000137
2019-02-07,42.73500061
2019-02-08,42.60250092
2019-02-11,42.35749817
2019-02-12,42.72249985
2019-02-13,42.54499817
2019-02-14,42.70000076
2019-02-15,42.60499954
2019-02-19,42.73249817
2019-02-20,43.00749969
2019-02-21,42.76499939
2019-02-22,43.24250031
2019-02-25,43.55749893
2019-02-26,43.58250046
2019-02-27,43.71749878
2019-02-28,43.28749847
2019-03-01,43.74250031
2019-03-04,43.96250153
2019-03-05,43.88249969
2019-03-06,43.63000107
2019-03-07,43.125
2019-03-08,43.22750092
2019-03-11,44.72499847
2019-03-12,45.22750092
2019-03-13,45.42750168
2019-03-14,45.93249893
2019-03-15,46.52999878
2019-03-18,47.00500107
2019-03-19,46.63249969
2019-03-20,47.04000092
2019-03-21,48.77249908
2019-03-22,47.76250076
2019-03-25,47.18500137
2019-03-26,46.69749832
2019-03-27,47.11750031
2019-03-28,47.18000031
2019-03-29,47.48749924
2019-04-01,47.81000137
2019-04-02,48.50500107
2019-04-03,48.83750153
2019-04-04,48.92250061
2019-04-05,49.25
2019-04-08,50.02500153
2019-04-09,49.875
2019-04-10,50.15499878
2019-04-11,49.73749924
2019-04-12,49.71749878
2019-04-15,49.80749893
2019-04-16,49.8125
2019-04-17,50.78250122
2019-04-18,50.96500015
2019-04-22,51.13249969
2019-04-23,51.86999893
2019-04-24,51.79000092
2019-04-25,51.31999969
2019-04-26,51.07500076
2019-04-29,51.15250015
2019-04-30,50.16749954
2019-05-01,52.63000107
2019-05-02,52.28749847
2019-05-03,52.9375
2019-05-06,52.11999893
2019-05-07,50.71500015
2019-05-08,50.72499847
2019-05-09,50.18000031
2019-05-10,49.29499817
2019-05-13,46.43000031
2019-05-14,47.16500092
2019-05-15,47.72999954
2019-05-16,47.52000046
2019-05-17,47.25
2019-05-20,45.77249908
2019-05-21,46.65000153
2019-05-22,45.69499969
2019-05-23,44.91500092
2019-05-24,44.74250031
2019-05-28,44.55749893
2019-05-29,44.34500122
2019-05-30,44.57500076
2019-05-31,43.76750183
2019-06-03,43.32500076
2019-06-04,44.90999985
2019-06-05,45.63499832
2019-06-06,46.30500031
2019-06-07,47.53749847
2019-06-10,48.14500046
2019-06-11,48.70249939
2019-06-12,48.54750061
2019-06-13,48.53749847
2019-06-14,48.18500137
2019-06-17,48.47249985
2019-06-18,49.61249924
2019-06-19,49.46749878
2019-06-20,49.86500168
2019-06-21,49.69499969
2019-06-24,49.64500046
2019-06-25,48.89250183
2019-06-26,49.95000076
2019-06-27,49.93500137
2019-06-28,49.47999954
2019-07-01,50.38750076
2019-07-02,50.68249893
2019-07-03,51.10250092
2019-07-05,51.05749893
2019-07-08,50.00500107
2019-07-09,50.31000137
2019-07-10,50.80749893
2019-07-11,50.4375
2019-07-12,50.82500076
2019-07-15,51.30250168
2019-07-16,51.125
2019-07-17,50.83750153
2019-07-18,51.41500092
2019-07-19,50.64749908
2019-07-22,51.80500031
2019-07-23,52.20999908
2019-07-24,52.16749954
2019-07-25,51.75500107
2019-07-26,51.93500137
2019-07-29,52.41999817
2019-07-30,52.19499969
2019-07-31,53.25999832
2019-08-01,52.10749817
2019-08-02,51.00500107
2019-08-05,48.33499908
2019-08-06,49.25
2019-08-07,49.75999832
2019-08-08,50.85749817
2019-08-09,50.24750137
2019-08-12,50.11999893
2019-08-13,52.24250031
2019-08-14,50.6875
2019-08-15,50.43500137
2019-08-16,51.625
2019-08-19,52.58750153
2019-08-20,52.59000015
2019-08-21,53.15999985
2019-08-22,53.11500168
2019-08-23,50.65999985
2019-08-26,51.62250137
2019-08-27,51.04000092
2019-08-28,51.38249969
2019-08-29,52.25249863
2019-08-30,52.18500137
2019-09-03,51.42499924
2019-09-04,52.29750061
2019-09-05,53.31999969
2019-09-06,53.31499863
2019-09-09,53.54249954
2019-09-10,54.17499924
2019-09-11,55.89749908
2019-09-12,55.77249908
2019-09-13,54.6875
2019-09-16,54.97499847
2019-09-17,55.17499924
2019-09-18,55.69250107
2019-09-19,55.24000168
2019-09-20,54.43249893
2019-09-23,54.68000031
2019-09-24,54.41999817
2019-09-25,55.25749969
2019-09-26,54.97249985
2019-09-27,54.70500183
2019-09-30,55.99250031
2019-10-01,56.14749908
2019-10-02,54.74000168
2019-10-03,55.20500183
2019-10-04,56.75249863
2019-10-07,56.76499939
2019-10-08,56.09999847
2019-10-09,56.75749969
2019-10-10,57.52249908
2019-10-11,59.05250168
2019-10-14,58.96749878
2019-10-15,58.83000183
2019-10-16,58.59249878
2019-10-17,58.81999969
2019-10-18,59.10250092
2019-10-21,60.12749863
2019-10-22,59.99000168
2019-10-23,60.79499817
2019-10-24,60.89500046
2019-10-25,61.64500046
2019-10-28,62.26250076
2019-10-29,60.82249832
2019-10-30,60.81499863
2019-10-31,62.18999863
2019-11-01,63.95500183
2019-11-04,64.375
2019-11-05,64.28250122
2019-11-06,64.30999756
2019-11-07,64.85749817
2019-11-08,65.03500366
2019-11-11,65.55000305
2019-11-12,65.48999786
2019-11-13,66.11750031
2019-11-14,65.66000366
2019-11-15,66.44000244
2019-11-18,66.77500153
2019-11-19,66.57250214
2019-11-20,65.79750061
2019-11-21,65.50250244
2019-11-22,65.44499969
2019-11-25,66.59249878
2019-11-26,66.07250214
2019-11-27,66.95999908
2019-11-29,66.8125
2019-12-02,66.04000092
2019-12-03,64.86250305
2019-12-04,65.43499756
2019-12-05,66.39499664
2019-12-06,67.67749786
2019-12-09,66.73000336
2019-12-10,67.12000275
2019-12-11,67.69249725
2019-12-12,67.86499786
2019-12-13,68.78749847
2019-12-16,69.96499634
2019-12-17,70.10250092
2019-12-18,69.93499756
2019-12-19,70.00499725
2019-12-20,69.86000061
2019-12-23,71.0
2019-12-24,71.06749725
2019-12-26,72.47750092
2019-12-27,72.44999695
2019-12-30,72.87999725
2019-12-31,73.41249847
2020-01-02,75.08750153
2020-01-03,74.35749817
2020-01-06,74.94999695
2020-01-07,74.59750366
2020-01-08,75.79750061
2020-01-09,77.40750122
2020-01-10,77.58249664
2020-01-13,79.23999786
2020-01-14,78.16999817
2020-01-15,77.83499908
2020-01-16,78.80999756
2020-01-17,79.68250275
2020-01-21,79.14250183
2020-01-22,79.42500305
2020-01-23,79.80750275
2020-01-24,79.57749939
2020-01-27,77.23750305
2020-01-28,79.42250061
2020-01-29,81.08499908
2020-01-30,80.96749878
2020-01-31,77.37750244
2020-02-03,77.16500092
2020-02-04,79.71250153
2020-02-05,80.36250305
2020-02-06,81.30249786
2020-02-07,80.00749969
2020-02-10,80.38749695
2020-02-11,79.90249634
2020-02-12,81.80000305
2020-02-13,81.21749878
2020-02-14,81.23750305
2020-02-18,79.75
2020-02-19,80.90499878
2020-02-20,80.07499695
2020-02-21,78.26249695
2020-02-24,74.54499817
2020-02-25,72.01999664
2020-02-26,73.16249847
2020-02-27,68.37999725
2020-02-28,68.33999634
2020-03-02,74.70249939
2020-03-03,72.33000183
2020-03-04,75.68499756
2020-03-05,73.23000336
2020-03-06,72.25749969
2020-03-09,66.54250336
2020-03-10,71.33499908
2020-03-11,68.85749817
2020-03-12,62.05749893
2020-03-13,69.49250031
2020-03-16,60.55250168
2020-03-17,63.21500015
2020-03-18,61.66749954
2020-03-19,61.19499969
2020-03-20,57.31000137
2020-03-23,56.09249878
2020-03-24,61.72000122
2020-03-25,61.38000107
2020-03-26,64.61000061
2020-03-27,61.93500137
2020-03-30,63.70249939
2020-03-31,63.57249832
2020-04-01,60.22750092
2020-04-02,61.23249817
2020-04-03,60.35250092
2020-04-06,65.61750031
2020-04-07,64.85749817
2020-04-08,66.51750183
2020-04-09,66.99749756
2020-04-13,68.3125
2020-04-14,71.76249695
2020-04-15,71.10749817
2020-04-16,71.67250061
2020-04-17,70.69999695
2020-04-20,69.23249817
2020-04-21,67.09249878
2020-04-22,69.02500153
2020-04-23,68.75749969
2020-04-24,70.74250031
2020-04-27,70.79250336
2020-04-28,69.64499664
2020-04-29,71.93250275
2020-04-30,73.44999695
2020-05-01,72.26750183
2020-05-04,73.29000092
2020-05-05,74.38999939
2020-05-06,75.15750122
2020-05-07,75.93499756
2020-05-08,77.53250122
2020-05-11,78.75250244
2020-05-12,77.85250092
2020-05-13,76.91249847
2020-05-14,77.38500214
2020-05-15,76.92749786
2020-05-18,78.73999786
2020-05-19,78.28500366
2020-05-20,79.80750275
2020-05-21,79.21250153
2020-05-22,79.72250366
2020-05-26,79.18250275
2020-05-27,79.52749634
2020-05-28,79.5625
2020-05-29,79.48500061
2020-06-01,80.46250153
2020-06-02,80.83499908
2020-06-03,81.27999878
2020-06-04,80.58000183
2020-06-05,82.875
2020-06-08,83.36499786
2020-06-09,85.99749756
2020-06-10,88.20999908
2020-06-11,83.97499847
2020-06-12,84.69999695
2020-06-15,85.74749756
2020-06-16,88.01999664
2020-06-17,87.89749908
2020-06-18,87.93250275
2020-06-19,87.43000031
2020-06-22,89.71749878
2020-06-23,91.63249969
2020-06-24,90.01499939
2020-06-25,91.20999908
2020-06-26,88.40750122
2020-06-29,90.44499969
2020-06-30,91.19999695
2020-07-01,91.02749634
2020-07-02,91.02749634
2020-07-06,93.46250153
2020-07-07,93.17250061
2020-07-08,95.34249878
2020-07-09,95.75250244
2020-07-10,95.91999817
2020-07-13,95.47750092
2020-07-14,97.05750275
2020-07-15,97.72499847
2020-07-16,96.52249908
2020-07-17,96.32749939
2020-07-20,98.35749817
2020-07-21,97.0
2020-07-22,97.27249908
2020-07-23,92.84500122
2020-07-24,92.61499786
2020-07-27,94.80999756
2020-07-28,93.25250244
2020-07-29,95.04000092
2020-07-30,96.19000244
2020-07-31,106.2600021
2020-08-03,108.9375
2020-08-04,109.66500090000001
2020-08-05,110.0625
2020-08-06,113.9024963
2020-08-07,111.1125031
2020-08-10,112.72750090000001
2020-08-11,109.375
2020-08-12,113.0100021
2020-08-13,115.0100021
2020-08-14,114.90750120000001
2020-08-17,114.60749820000001
2020-08-18,115.5625
2020-08-19,115.7074966
2020-08-20,118.27500149999999
2020-08-21,124.3700027
2020-08-24,125.85749820000001
2020-08-25,124.8249969
2020-08-26,126.52249909999999
2020-08-27,125.0100021
2020-08-28,124.8075027
2020-08-31,129.0399933
2020-09-01,134.1799927
2020-09-02,131.3999939
2020-09-03,120.8799973
2020-09-04,120.95999909999999
2020-09-08,112.8199997
2020-09-09,117.3199997
2020-09-10,113.4899979
2020-09-11,112.0
2020-09-14,115.3600006
2020-09-15,115.54000090000001
2020-09-16,112.1299973
2020-09-17,110.3399963
2020-09-18,106.8399963
2020-09-21,110.08000179999999
2020-09-22,111.8099976
2020-09-23,107.1200027
2020-09-24,108.22000120000001
2020-09-25,112.27999879999999
2020-09-28,114.95999909999999
2020-09-29,114.0899963
2020-09-30,115.8099976
2020-10-01,116.79000090000001
2020-10-02,113.0199966
2020-10-05,116.5
2020-10-06,113.1600037
2020-10-07,115.08000179999999
2020-10-08,114.97000120000001
2020-10-09,116.97000120000001
2020-10-12,124.40000149999999
2020-10-13,121.09999850000001
2020-10-14,121.1900024
2020-10-15,120.70999909999999
2020-10-16,119.0199966
2020-10-19,115.9800034
2020-10-20,117.5100021
2020-10-21,116.8700027
2020-10-22,115.75
2020-10-23,115.04000090000001
2020-10-26,115.0500031
2020-10-27,116.59999850000001
2020-10-28,111.1999969
2020-10-29,115.3199997
2020-10-30,108.8600006
2020-11-02,108.7699966
2020-11-03,110.4400024
2020-11-04,114.9499969
2020-11-05,119.02999879999999
2020-11-06,118.6900024
2020-11-09,116.3199997
2020-11-10,115.97000120000001
2020-11-11,119.4899979
2020-11-12,119.20999909999999
2020-11-13,119.2600021
2020-11-16,120.3000031
2020-11-17,119.3899994
2020-11-18,118.02999879999999
2020-11-19,118.6399994
2020-11-20,117.3399963
2020-11-23,113.84999850000001
2020-11-24,115.16999820000001
2020-11-25,116.02999879999999
2020-11-27,116.5899963
2020-11-30,119.0500031
2020-12-01,122.72000120000001
2020-12-02,123.08000179999999
2020-12-03,122.9400024
2020-12-04,122.25
2020-12-07,123.75
2020-12-08,124.3799973
2020-12-09,121.77999879999999
2020-12-10,123.2399979
2020-12-11,122.4100037
2020-12-14,121.77999879999999
2020-12-15,127.8799973
2020-12-16,127.8099976
2020-12-17,128.6999969
2020-12-18,126.6600037
2020-12-21,128.2299957
2020-12-22,131.88000490000002
2020-12-23,130.9600067
2020-12-24,131.9700012
2020-12-28,136.6900024
2020-12-29,134.86999509999998
2020-12-30,133.7200012
2020-12-31,132.6900024
2021-01-04,129.4100037
2021-01-05,131.0099945
2021-01-06,126.59999850000001
2021-01-07,130.9199982
2021-01-08,132.0500031
2021-01-11,128.9799957
2021-01-12,128.8000031
2021-01-13,130.8899994
2021-01-14,128.9100037
2021-01-15,127.1399994
2021-01-19,127.83000179999999
2021-01-20,132.0299988
2021-01-21,136.86999509999998
2021-01-22,139.07000730000001
2021-01-25,142.91999819999998
2021-01-26,143.16000369999998
2021-01-27,142.0599976
2021-01-28,137.08999630000002
2021-01-29,131.9600067
2021-02-01,134.1399994
2021-02-02,134.9900055
2021-02-03,133.9400024
2021-02-04,137.3899994
2021-02-05,136.7599945
2021-02-08,136.91000369999998
2021-02-09,136.0099945
2021-02-10,135.3899994
2021-02-11,135.13000490000002
2021-02-12,135.36999509999998
2021-02-16,133.1900024
2021-02-17,130.8399963
2021-02-18,129.7100067
2021-02-19,129.86999509999998
2021-02-22,126.0
2021-02-23,125.8600006
2021-02-24,125.34999850000001
2021-02-25,120.9899979
2021-02-26,121.2600021
2021-03-01,127.79000090000001
2021-03-02,125.1200027
2021-03-03,122.0599976
2021-03-04,120.1299973
2021-03-05,121.41999820000001
2021-03-08,116.3600006
2021-03-09,121.0899963
2021-03-10,119.9800034
2021-03-11,121.95999909999999
2021-03-12,121.02999879999999
2021-03-15,123.9899979
2021-03-16,125.5699997
2021-03-17,124.7600021
2021-03-18,120.52999879999999
2021-03-19,119.9899979
2021-03-22,123.3899994
2021-03-23,122.54000090000001
2021-03-24,120.0899963
2021-03-25,120.5899963
2021-03-26,121.20999909999999
2021-03-29,121.3899994
2021-03-30,119.90000149999999
2021-03-31,122.15000149999999
2021-04-01,123.0
2021-04-05,125.90000149999999
2021-04-06,126.20999909999999
2021-04-07,127.90000149999999
2021-04-08,130.3600006
2021-04-09,133.0
2021-04-12,131.2400055
2021-04-13,134.42999269999999
2021-04-14,132.0299988
2021-04-15,134.5
2021-04-16,134.1600037
2021-04-19,134.83999630000002
2021-04-20,133.1100006
2021-04-21,133.5
2021-04-22,131.9400024
2021-04-23,134.32000730000001
2021-04-26,134.72000119999998
2021-04-27,134.3899994
2021-04-28,133.5800018
2021-04-29,133.4799957
2021-04-30,131.4600067
2021-05-03,132.5399933
2021-05-04,127.84999850000001
2021-05-05,128.1000061
2021-05-06,129.7400055
2021-05-07,130.2100067
2021-05-10,126.84999850000001
2021-05-11,125.9100037
2021-05-12,122.7699966
2021-05-13,124.97000120000001
2021-05-14,127.4499969
2021-05-17,126.2699966
2021-05-18,124.84999850000001
2021-05-19,124.6900024
2021-05-20,127.3099976
2021-05-21,125.4300003
2021-05-24,127.09999850000001
2021-05-25,126.90000149999999
2021-05-26,126.84999850000001
2021-05-27,125.27999879999999
2021-05-28,124.6100006
2021-06-01,124.27999879999999
2021-06-02,125.0599976
2021-06-03,123.54000090000001
2021-06-04,125.8899994
2021-06-07,125.90000149999999
2021-06-08,126.7399979
2021-06-09,127.1299973
2021-06-10,126.1100006
2021-06-11,127.34999850000001
2021-06-14,130.4799957
2021-06-15,129.6399994
2021-06-16,130.1499939
2021-06-17,131.7899933
2021-06-18,130.4600067
2021-06-21,132.3000031
2021-06-22,133.9799957
2021-06-23,133.6999969
2021-06-24,133.4100037
2021-06-25,133.1100006
2021-06-28,134.77999880000002
2021-06-29,136.33000180000002
2021-06-30,136.96000669999998
2021-07-01,137.2700043
2021-07-02,139.96000669999998
2021-07-06,142.0200043
2021-07-07,144.57000730000001
2021-07-08,143.2400055
2021-07-09,145.1100006
2021-07-12,144.5
2021-07-13,145.6399994
2021-07-14,149.1499939
2021-07-15,148.4799957
2021-07-16,146.3899994
2021-07-19,142.4499969
2021-07-20,146.1499939
2021-07-21,145.3999939
2021-07-22,146.8000031
2021-07-23,148.5599976
2021-07-26,148.9900055
2021-07-27,146.7700043
2021-07-28,144.9799957
2021-07-29,145.6399994
2021-07-30,145.8600006
2021-08-02,145.5200043
2021-08-03,147.3600006
2021-08-04,146.9499969
2021-08-05,147.0599976
2021-08-06,146.1399994
2021-08-09,146.08999630000002
2021-08-10,145.6000061
2021-08-11,145.8600006
2021-08-12,148.8899994
2021-08-13,149.1000061
2021-08-16,151.11999509999998
2021-08-17,150.1900024
2021-08-18,146.3600006
2021-08-19,146.6999969
2021-08-20,148.1900024
2021-08-23,149.71000669999998
2021-08-24,149.61999509999998
2021-08-25,148.3600006
2021-08-26,147.53999330000002
2021-08-27,148.6000061
2021-08-30,153.11999509999998
2021-08-31,151.83000180000002
2021-09-01,152.5099945
2021-09-02,153.6499939
2021-09-03,154.3000031
2021-09-07,156.6900024
2021-09-08,155.1100006
2021-09-09,154.07000730000001
2021-09-10,148.97000119999998
2021-09-13,149.5500031
2021-09-14,148.11999509999998
2021-09-15,149.02999880000002
2021-09-16,148.78999330000002
2021-09-17,146.0599976
2021-09-20,142.9400024
2021-09-21,143.42999269999999
2021-09-22,145.8500061
2021-09-23,146.83000180000002
2021-09-24,146.91999819999998
2021-09-27,145.36999509999998
2021-09-28,141.91000369999998
2021-09-29,142.83000180000002
2021-09-30,141.5
2021-10-01,142.6499939
2021-10-04,139.1399994
2021-10-05,141.1100006
2021-10-06,142.0
2021-10-07,143.28999330000002
2021-10-08,142.8999939
2021-10-11,142.8099976
2021-10-12,141.5099945
2021-10-13,140.91000369999998
2021-10-14,143.7599945
2021-10-15,144.83999630000002
2021-10-18,146.5500031
2021-10-19,148.7599945
2021-10-20,149.2599945
2021-10-21,149.4799957
2021-10-22,148.6900024
2021-10-25,148.6399994
2021-10-26,149.32000730000001
2021-10-27,148.8500061
2021-10-28,152.57000730000001
2021-10-29,149.8000031
2021-11-01,148.96000669999998
2021-11-02,150.0200043
2021-11-03,151.4900055
2021-11-04,150.96000669999998
2021-11-05,151.27999880000002
2021-11-08,150.4400024
2021-11-09,150.8099976
2021-11-10,147.91999819999998
2021-11-11,147.86999509999998
2021-11-12,149.9900055
2021-11-15,150.0
2021-11-16,151.0
2021-11-17,153.4900055
2021-11-18,157.86999509999998
2021-11-19,160.5500031
2021-11-22,161.0200043
2021-11-23,161.41000369999998
2021-11-24,161.9400024
2021-11-26,156.8099976
2021-11-29,160.2400055
2021-11-30,165.3000031
2021-12-01,164.7700043
2021-12-02,163.7599945
2021-12-03,161.83999630000002
2021-12-06,165.32000730000001
2021-12-07,171.17999269999999
2021-12-08,175.08000180000002
2021-12-09,174.5599976
2021-12-10,179.4499969
2021-12-13,175.7400055
2021-12-14,174.33000180000002
2021-12-15,179.3000031
2021-12-16,172.2599945
2021-12-17,171.1399994
2021-12-20,169.75
2021-12-21,172.9900055
2021-12-22,175.6399994
2021-12-23,176.27999880000002
2021-12-27,180.33000180000002
2021-12-28,179.28999330000002
2021-12-29,179.38000490000002
2021-12-30,178.1999969
2021-12-31,177.57000730000001
2022-01-03,182.0099945
2022-01-04,179.6999969
2022-01-05,174.91999819999998
2022-01-06,172.0
2022-01-07,172.16999819999998
2022-01-10,172.1900024
2022-01-11,175.08000180000002
2022-01-12,175.52999880000002
2022-01-13,172.1900024
2022-01-14,173.07000730000001
2022-01-18,169.8000031
2022-01-19,166.2299957
2022-01-20,164.5099945
2022-01-21,162.41000369999998
2022-01-29,211.97993746882707
2022-01-30,212.19905329232583
2022-01-31,213.40285850516483
2022-02-01,213.75920746928426
2022-02-02,214.03853422528238
2022-02-03,214.16098507062068
2022-02-04,214.15717858266746
2022-02-05,213.39664794050444
2022-02-06,213.5830870372757
2022-02-07,214.7588589680427
2022-02-08,215.09186383828737
2022-02-09,215.3523041615077
2022-02-10,215.4598281483197
2022-02-11,215.44431022930746
2022-02-12,214.6743229950183
2022-02-13,214.85242107735132
2022-02-14,216.01969432316739
2022-02-15,216.34268574329107
2022-02-16,216.59021086134652
2022-02-17,216.680556990346
2022-02-18,216.6423199298496
2022-02-19,215.842930400759
2022-02-20,215.98398891730142
2022-02-21,217.10586472141512
2022-02-22,217.3746526906196
2022-02-23,217.55902347501342
2022-02-24,217.577444269567
2022-02-25,217.4590268759327
2022-02-26,216.57205484298183
2022-02-27,216.61930818653855
2022-02-28,217.64264145143926
2022-03-01,217.8099094992702
2022-03-02,217.89177707214682
2022-03-03,217.8088906327671
2022-03-04,217.5926704973593
2022-03-05,216.61377664112328
2022-03-06,216.57736844817512
2022-03-07,217.52761606904906
2022-03-08,217.6345597406094
2022-03-09,217.67085510250354
2022-03-10,217.55888494673442
2022-03-11,217.33149724711015
2022-03-12,216.3604245164567
2022-03-13,216.35150621907704
2022-03-14,217.34917309922346
2022-03-15,217.52329068325048
2022-03-16,217.6459005687654
2022-03-17,217.63834017421013
2022-03-18,217.5320006810005
2022-03-19,216.69677775202234
2022-03-20,216.8363359522533
2022-03-21,217.99264461536782
2022-03-22,218.33288101340048
2022-03-23,218.6262377988668
2022-03-24,218.79111355299554
2022-03-25,218.85594419018838
2022-03-26,218.1877277360214
2022-03-27,218.4873613143222
2022-03-28,219.79424603432756
2022-03-29,220.27325368018842
2022-03-30,220.69159037292195
2022-03-31,220.9660344478261
2022-04-01,221.12380496257535
2022-04-02,220.53111231367762
2022-04-03,220.8885090832914
2022-04-04,222.23549644127988
2022-04-05,222.73747999700677
2022-04-06,223.16261062200024
2022-04-07,223.42898818612045
2022-04-08,223.5654856501494
2022-04-09,222.9402463180034
2022-04-10,223.25597395483362
2022-04-11,224.55447289225344
2022-04-12,225.003533970438
2022-04-13,225.37370389489402
2022-04-14,225.58541804753688
2022-04-15,225.6697562707197
2022-04-16,224.99687642033652
2022-04-17,225.27124724567167
2022-04-18,226.53613937243807
2022-04-19,226.96047164905934
2022-04-20,227.31555155781203
2022-04-21,227.5221905349456
2022-04-22,227.61145418005748
2022-04-23,226.9531022563936
2022-04-24,227.25083978662337
2022-04-25,228.54683741662353
2022-04-26,229.00861737135662
2022-04-27,229.4058424645299
2022-04-28,229.65748749981123
2022-04-29,229.79265131643052
2022-04-30,229.179062484116
2022-05-01,229.5183979428925
2022-05-02,230.8508706991275
2022-05-03,231.3421808504835
2022-05-04,231.7603654209595
2022-05-05,232.02302449389123
2022-05-06,232.15818023125254
2022-05-07,231.5328203553797
2022-05-08,231.84824423780873
2022-05-09,233.1446668683784
2022-05-10,233.58817447630966
2022-05-11,233.94756713596834
2022-05-12,234.14156605314236
2022-05-13,234.19964267842087
2022-05-14,233.4905221152778
2022-05-15,233.71748016544285
2022-05-16,234.92289075297032
2022-05-17,235.2751191930877
2022-05-18,235.54529850813168
2022-05-19,235.65446847501292
2022-05-20,235.63433659864899
2022-05-21,234.8557155245133
2022-05-22,235.0237582146956
2022-05-23,236.18244948735546
2022-05-24,236.50145106509652
2022-05-25,236.75283878427933
2022-05-26,236.85821282654518
2022-05-27,236.84944103516955
2022-05-28,236.09709036325808
2022-05-29,236.3056679614969
2022-05-30,237.51813033285802
2022-05-31,237.9027571765479
2022-06-01,238.22992771543792
2022-06-02,238.41927920137988
2022-06-03,238.5005062207567
2022-06-04,237.84185417677247
2022-06-05,238.1454266061171
2022-06-06,239.451762783321
2022-06-07,239.92678019703945
2022-06-08,240.33861765155444
2022-06-09,240.60485670603987
2022-06-10,240.75337821089207
2022-06-11,240.1509056296738
2022-06-12,240.4983533424604
2022-06-13,241.8354351923208
2022-06-14,242.3276269738002
2022-06-15,242.74301806420905
2022-06-16,242.99952970729254
2022-06-17,243.1257568610656
2022-06-18,242.4894858014628
2022-06-19,242.79300651576074
2022-06-20,244.07767629508228
2022-06-21,244.51082964642666
2022-06-22,244.86257137729953
2022-06-23,245.05293219438016
2022-06-24,245.11264568350026
2022-06-25,244.41160088137434
2022-06-26,244.65409149294862
2022-06-27,245.8833201224312
2022-06-28,246.2682544752962
2022-06-29,246.58037404243592
2022-06-30,246.7407880354461
2022-07-01,246.78098459272044
2022-07-02,246.07126630760038
2022-07-03,246.31599363477625
2022-07-04,247.55809469035444
2022-07-05,247.96593818946852
2022-07-06,248.31010746399883
2022-07-07,248.51055542186975
2022-07-08,248.59739924826042
2022-07-09,247.93940840546355
2022-07-10,248.23930576341036
2022-07-11,249.53833847516276
2022-07-12,250.00321332194383
2022-07-13,250.4029323950932
2022-07-14,250.65600691063688
2022-07-15,250.79130596484097
2022-07-16,250.17659193297598
2022-07-17,250.51386068539082
2022-07-18,251.84394182801037
2022-07-19,252.33345258167424
2022-07-20,252.75164039289356
2022-07-21,253.01759165983233
2022-07-22,253.16106335027513
2022-07-23,252.5509895678866
2022-07-24,252.8907819746497
2022-07-25,254.2228803719824
2022-07-26,254.71564848322342
2022-07-27,255.14015175127912
2022-07-28,255.4172965007538
2022-07-29,255.57858939408337
2022-07-30,254.9945715147062
2022-07-31,255.37004831805746
2022-08-01,256.74857407156696
2022-08-02,257.29928806000663
2022-08-03,257.7936414494069
2022-08-04,258.1524960185724
2022-08-05,258.4068552680386
2022-08-06,257.9262834880747
2022-08-07,258.41413490041236
2022-08-08,259.9120519615598
2022-08-09,260.58683014251676
2022-08-10,261.207187680043
2022-08-11,261.6909206777864
2022-08-12,262.065702820982
2022-08-13,261.6975836539177
2022-08-14,262.2863055572854
2022-08-15,263.869896241946
2022-08-16,264.61163157000806
2022-08-17,265.2769045297292
2022-08-18,265.78047798354515
2022-08-19,266.14737768085524
2022-08-20,265.74147677857803
2022-08-21,266.26088944420616
2022-08-22,267.74262801419496
2022-08-23,268.34961646292976
2022-08-24,268.8475943033032
2022-08-25,269.1523872358996
2022-08-26,269.2908001810447
2022-08-27,268.62918355456134
2022-08-28,268.8687904716506
2022-08-29,270.0503799565933
2022-08-30,270.3411600028888
2022-08-31,270.5116061544207
2022-09-01,270.48263389701077
2022-09-02,270.2863828402373
2022-09-03,269.29466620884295
2022-09-04,269.21420622996027
2022-09-05,270.09111356211
2022-09-06,270.0977077631319
2022-09-07,270.00921761960126
2022-09-08,269.7508426927274
2022-09-09,269.35843695628887
2022-09-10,268.2068706920089
2022-09-11,268.0051935519196
2022-09-12,268.8010588696011
2022-09-13,268.76750771159976
2022-09-14,268.6796525015406
2022-09-15,268.46174206834644
2022-09-16,268.14786896167
2022-09-17,267.11037463769003
2022-09-18,267.0550743464216
2022-09-19,268.0257602356826
2022-09-20,268.191079149164
2022-09-21,268.3213225437188
2022-09-22,268.33560764084814
2022-09-23,268.26270766335506
2022-09-24,267.46958359331376
2022-09-25,267.656736025781
2022-09-26,268.86283237502965
2022-09-27,269.25170273843634
2022-09-28,269.5892388425133
2022-09-29,269.7906724376246
2022-09-30,269.8814885699422
2022-10-01,269.2260241347328
2022-10-02,269.5228686976954
2022-10-03,270.8095217387901
2022-10-04,271.2493990350584
2022-10-05,271.6087225452617
2022-10-06,271.803770627572
2022-10-07,271.86174499438613
2022-10-08,271.14930626525955
2022-10-09,271.3678970002951
2022-10-10,272.5583086481288
2022-10-11,272.8875877238182
2022-10-12,273.12581842365285
2022-10-13,273.1932615178372
2022-10-14,273.12110901596094
2022-10-15,272.27990955224806
2022-10-16,272.374786368508
2022-10-17,273.44990715186896
2022-10-18,273.67530361524666
2022-10-19,273.8235802809397
2022-10-20,273.81699418122173
2022-10-21,273.68816641470266
2022-10-22,272.8084814828856
2022-10-23,272.88329677245633
2022-10-24,273.9564214284632
2022-10-25,274.19696199949135
2022-10-26,274.37607333176464
2022-10-27,274.4140949979687
2022-10-28,274.3413323709519
2022-10-29,273.52653609285875
2022-10-30,273.6721998507887
2022-10-31,274.81913304131365
2022-11-01,275.13340291139065
2022-11-02,275.3831818090968
2022-11-03,275.4859770182536
2022-11-04,275.46949958730755
2022-11-05,274.700223391716
2022-11-06,274.8787520885004
2022-11-07,276.044448614561
2022-11-08,276.36242026006505
2022-11-09,276.6003938105168
2022-11-10,276.6759575380031
2022-11-11,276.6174262208598
2022-11-12,275.79238066593956
2022-11-13,275.9030000825954
2022-11-14,276.9906430828396
2022-11-15,277.22277185848975
2022-11-16,277.3697558984748
2022-11-17,277.3520341896048
2022-11-18,277.20089447166464
2022-11-19,276.28692357034595
2022-11-20,276.3152497895492
2022-11-21,277.330035775784
2022-11-22,277.5013189735671
2022-11-23,277.60173845850676
2022-11-24,277.5536293012912
2022-11-25,277.38974496704645
2022-11-26,276.48166337658483
2022-11-27,276.53499883928407
2022-11-28,277.5938790905172
2022-11-29,277.82778494374435
2022-11-30,278.00829129746523
2022-12-01,278.05619017069114
2022-12-02,278.00225537510056
2022-12-03,277.215703166596
2022-12-04,277.39946945418234
2022-12-05,278.5947608692163
2022-12-06,278.9679750349374
2022-12-07,279.2875264309025
2022-12-08,279.471056073822
2022-12-09,279.5462821365221
2022-12-10,278.8795433990423
2022-12-11,279.17115376978427
2022-12-12,280.46002301527386
2022-12-13,280.91063711125776
2022-12-14,281.2899329736326
2022-12-15,281.51454449107774
2022-12-16,281.61167605294855
2022-12-17,280.94765493367174
2022-12-18,281.2232806464281
2022-12-19,282.478426687376
2022-12-20,282.8789887619628
2022-12-21,283.19371530347547
2022-12-22,283.3413985963515
2022-12-23,283.351684383734
2022-12-24,282.59355324985296
2022-12-25,282.77059400412014
2022-12-26,283.92552672349154
2022-12-27,284.2270718345334
2022-12-28,284.4467033221675
2022-12-29,284.50576657471277
2022-12-30,284.4362207983295
2022-12-31,283.6090611426099
2023-01-01,283.72954236045564
2023-01-02,284.84166295577415
2023-01-03,285.11500716271377
2023-01-04,285.32148344649937
2023-01-05,285.38244026480123
2023-01-06,285.3294188759928
2023-01-07,284.5325978213604
2023-01-08,284.6960500413066
2023-01-09,285.8622703971274
2023-01-10,286.19906948014767
2023-01-11,286.47637070333224
2023-01-12,286.6133895398479
2023-01-13,286.6394526994379
2023-01-14,285.9225098147222
2023-01-15,286.1644565458671
2023-01-16,287.40572488928444
2023-01-17,287.8122347114883
2023-01-18,288.1522418232218
2023-01-19,288.34356000866796
2023-01-20,288.4144136229345
2023-01-21,287.7319724580882
2023-01-22,287.99768724373973
2023-01-23,289.25188136848874
2023-01-24,289.6606929900799
2023-01-25,289.9929033344639
2023-01-26,290.1671294040702
2023-01-27,290.21263880668056
2023-01-28,289.49783975939584
2023-01-29,289.7255661998651
2023-01-30,290.937615318452
2023-01-31,291.301633512712
2023-02-01,291.5878884457193
2023-02-02,291.71640729821627
2023-02-03,291.7177407252881
2023-02-04,290.96140724451163
2023-02-05,291.1511394811703
2023-02-06,292.3293908521049
2023-02-07,292.6641996926401
2023-02-08,292.92594921527
2023-02-09,293.0345037797797
2023-02-10,293.01998104579786
2023-02-11,292.25121446424026
2023-02-12,292.43102694066863
2023-02-13,293.60077335637686
2023-02-14,293.92724778075404
2023-02-15,294.1794923546724
2023-02-16,294.2759867213274
2023-02-17,294.2454758286584
2023-02-18,293.45548872371376
2023-02-19,293.60766730436217
